country,when_what
Afghanistan,19_99.745/19987071
Afghanistan,20_00.2666/20595360
Brazil,19_99.37737/172006362
Brazil,20_00.80488/174504898
China,19_99.212258/1272915272
China,20_00.213766/1280428583
